Abs_Error_y,Rel_Error_y,Abs_Error_x,Rel_Error_x
1.1032349007860713e+51,1.0,1.7744364593378867e+52,54.08373891227634
