Abs_Error_y,Rel_Error_y,Abs_Error_x,Rel_Error_x
1.8676429203749464e+97,1.0,2.0842053407273914e+98,49.83254835599824
