Abs_Error_y,Rel_Error_y,Abs_Error_x,Rel_Error_x
9.80976218009025e+102,1.0,1.1169838977437079e+104,39.756921447939696
