Abs_Error_y,Rel_Error_y,Abs_Error_x,Rel_Error_x
2.5561224836083875e+65,1.0,1.8785771614254494e+66,43.8184323062959
