Abs_Error_y,Rel_Error_y,Abs_Error_x,Rel_Error_x
1.9130237779811393e+30,1.00000000000024,1.1662186765859825e+31,24.742375158951152
