Abs_Error_y,Rel_Error_y,Abs_Error_x,Rel_Error_x
6.19362250589146e+130,1.0,1.291467572859538e+132,144.5842429873427
