Abs_Error_y,Rel_Error_y,Abs_Error_x,Rel_Error_x
1.7526611166173408e+75,1.0,1.0800362562141713e+77,67.34313441211498
