Abs_Error_y,Rel_Error_y,Abs_Error_x,Rel_Error_x
1.3243048525603662e+32,1.0000000000000575,2.843913381383772e+34,561.0975546701302
