Abs_Error_y,Rel_Error_y,Abs_Error_x,Rel_Error_x
3.0213740358714694e+125,1.0,3.7984634782875294e+126,56.92356935771809
