Abs_Error_y,Rel_Error_y,Abs_Error_x,Rel_Error_x
2.426865709742155e+130,1.0,6.364297238354567e+131,108.06189710735514
