Abs_Error_y,Rel_Error_y,Abs_Error_x,Rel_Error_x
1.848345681046421e+110,1.0,1.6169460211513107e+111,54.92527031779581
