Abs_Error_y,Rel_Error_y,Abs_Error_x,Rel_Error_x
6.112547151147643e+114,1.0,2.7733721802545746e+115,29.194739687813914
