Abs_Error_y,Rel_Error_y,Abs_Error_x,Rel_Error_x
4.826234462635089e+21,1.000008116210973,1.1287830446473019e+22,11.005866377914163
