Abs_Error_y,Rel_Error_y,Abs_Error_x,Rel_Error_x
2.6724574763486206e+43,1.0,7.8137264549526e+43,11.30148255571642
