Abs_Error_y,Rel_Error_y,Abs_Error_x,Rel_Error_x
5.884954301244621e+135,1.0,3.973868065830687e+137,75.25892762585075
