Abs_Error_y,Rel_Error_y,Abs_Error_x,Rel_Error_x
3.306664998111076e+67,1.0,1.8740514525220206e+68,26.424435857973094
