Abs_Error_y,Rel_Error_y,Abs_Error_x,Rel_Error_x
114590082.09303257,1.0045246051541235,49494896.88377454,2.6166056160125866
