Abs_Error_y,Rel_Error_y,Abs_Error_x,Rel_Error_x
8.850217519356912e+80,1.0,1.3309420664340649e+82,36.37130956003182
