Abs_Error_y,Rel_Error_y,Abs_Error_x,Rel_Error_x
24064013522679.383,1.000002019420873,50803678606315.266,12.874499183222623
