Abs_Error_y,Rel_Error_y,Abs_Error_x,Rel_Error_x
9.11051697988445e+85,1.0,1.3740085513447837e+87,17.368874917589107
